ID,Q1,Q2,Q3,Q4,Q5,Q6,Q7,Q8,Q9,Q10,Q11,Q12,Q13,Q14,Q15,Q16,Q17,Q18,Q19,Q20,Q21,Q22,Q23,Q24,Q25,Q26,Q27,Q28,Q29,Q30,Q31,Q32,Q33,Q34,Q35,Q36
1,1,0,1,0,0,0,1,0,0,0,0,1,1,0,1,1,0,1,1,1,1,1,1,0,0,0,1,1,1,1,0,0,0,0,0,0
2,1,0,0,0,0,1,1,0,1,1,0,1,0,1,0,0,1,1,1,1,0,0,1,0,0,0,1,1,1,0,1,1,1,1,1,1
3,0,0,0,1,1,1,1,0,0,0,0,0,1,0,1,1,1,1,1,0,1,1,0,1,0,0,1,1,1,1,0,0,0,1,0,1
4,1,1,1,0,1,0,1,1,0,0,0,0,1,1,0,1,0,0,0,0,0,0,0,0,1,0,1,1,1,0,1,1,0,1,1,0
5,1,1,1,0,0,0,1,0,1,1,0,1,0,1,1,1,0,0,0,0,0,1,0,0,1,1,1,1,1,0,1,1,1,1,1,1
6,1,1,1,1,1,1,1,1,1,0,1,1,1,0,1,0,1,1,0,1,1,1,0,0,0,1,1,1,1,0,1,0,1,1,1,1
7,1,1,1,0,0,1,0,1,1,0,0,0,0,0,0,1,0,0,1,0,1,0,0,0,0,0,0,1,1,0,1,0,1,1,0,1
8,1,1,1,0,1,,1,1,1,0,,0,1,0,1,1,0,,1,0,1,1,0,0,1,1,1,1,1,0,0,0,1,1,1,1
9,1,1,1,0,1,1,1,1,1,0,0,0,1,0,1,1,0,1,1,1,1,1,0,0,0,1,1,1,1,1,1,1,1,1,1,1
10,1,1,1,0,0,1,0,0,1,1,0,1,0,0,1,1,1,1,1,1,1,0,0,0,1,0,1,1,1,1,1,0,1,1,1,1
11,1,1,1,1,0,1,1,1,1,1,1,1,1,0,1,1,1,1,1,1,1,0,0,0,0,1,1,1,1,0,1,1,1,1,1,1
12,1,1,1,1,1,1,1,1,1,0,0,0,1,0,1,1,0,1,1,1,1,0,0,1,0,0,0,1,1,1,1,1,1,1,1,1
13,1,1,1,0,0,1,1,0,1,1,0,0,1,0,1,1,0,1,1,0,1,1,0,1,1,0,0,1,0,1,0,0,0,1,0,0
14,1,1,1,0,1,1,1,0,1,0,0,0,1,0,1,1,0,1,1,0,1,1,1,1,0,1,1,1,1,0,1,1,1,1,1,1
15,0,1,1,1,1,1,1,1,1,0,0,0,0,0,1,1,0,1,1,0,1,1,0,1,0,1,1,1,1,0,1,1,0,1,1,1
16,1,1,0,0,0,1,0,0,1,0,0,1,1,0,1,1,0,1,0,1,1,0,0,0,0,1,1,1,1,0,1,1,1,1,1,1
17,0,1,1,0,0,0,0,0,0,0,1,1,1,0,1,1,0,1,0,0,1,1,0,0,1,1,1,1,1,,1,0,1,1,1,1
18,1,1,1,1,0,1,1,0,0,0,0,0,0,0,1,1,0,1,0,0,1,1,1,0,0,0,1,1,1,0,1,0,1,1,1,1
19,1,1,1,0,0,0,1,0,0,1,0,0,1,0,1,1,0,1,1,1,0,1,0,0,1,0,1,1,1,1,1,0,1,1,1,1
20,0,1,0,0,0,1,0,1,0,0,0,0,0,0,1,1,0,1,0,0,0,1,0,0,1,0,1,1,1,1,1,0,0,1,1,1
21,1,1,1,1,1,1,1,1,1,1,0,1,0,1,1,1,1,1,0,1,1,1,0,0,0,0,1,1,1,0,1,0,1,1,1,1
22,0,1,1,0,0,1,1,0,0,1,0,1,1,0,1,1,0,1,1,1,1,1,0,0,0,1,1,1,1,0,1,0,0,1,1,1
23,0,1,1,0,1,1,1,1,0,1,0,0,1,0,1,1,1,1,0,1,1,1,0,0,0,0,1,1,1,0,0,0,1,1,1,1
24,1,1,1,0,1,1,1,1,,0,0,1,1,0,1,1,0,1,1,0,1,1,0,0,0,1,0,1,0,0,0,0,1,1,0,1
25,1,1,1,0,0,0,1,1,1,0,0,1,1,0,1,1,1,1,0,1,1,1,0,0,0,0,1,1,1,1,1,0,1,1,1,1
26,1,1,1,0,0,1,1,0,0,0,0,0,0,0,1,1,0,1,0,1,1,1,0,0,1,0,1,1,1,0,1,0,1,1,1,1
27,1,1,1,1,0,1,1,1,1,0,1,0,1,0,1,1,1,1,1,1,1,1,0,1,0,0,1,1,1,0,1,0,1,1,1,1
28,1,1,1,1,0,0,1,1,0,0,1,0,0,0,1,1,0,1,1,1,1,1,0,0,1,0,1,1,1,1,1,1,1,1,1,1
29,1,0,0,0,1,0,1,1,1,1,1,1,0,0,1,1,1,1,1,0,1,0,0,0,0,0,1,1,1,0,1,0,1,1,1,1
30,1,1,1,1,0,1,1,1,0,0,0,0,1,0,1,0,0,1,1,1,1,1,0,1,0,0,1,1,1,0,0,1,1,1,1,1
31,1,1,1,0,1,1,1,1,0,0,0,1,1,0,0,1,0,0,0,0,1,1,0,0,0,1,0,1,1,0,0,0,1,1,0,1
32,0,1,1,0,0,1,1,1,0,0,0,0,1,0,1,1,0,1,0,1,1,0,1,0,1,0,1,1,1,0,0,0,1,1,1,1
33,1,1,1,1,0,1,1,0,0,1,1,1,1,0,1,1,0,1,1,1,1,1,0,0,0,0,1,1,1,0,0,0,1,1,1,1
34,1,1,1,0,1,1,1,0,1,0,1,0,1,1,1,1,1,1,1,1,1,1,0,0,0,0,1,1,1,0,1,1,1,1,1,1
35,1,1,1,0,1,0,1,1,0,1,1,1,1,0,1,1,0,0,1,1,0,1,0,0,0,0,1,1,1,1,1,0,1,1,0,1
36,1,1,1,0,1,0,1,0,1,1,0,1,1,0,1,1,1,0,1,0,1,1,0,0,0,0,1,1,1,1,1,1,1,1,1,1
37,1,0,1,0,0,1,1,0,1,0,0,0,0,0,1,0,0,1,1,0,0,1,0,0,0,0,1,1,1,0,1,0,1,1,0,1
38,1,1,1,0,0,0,1,1,0,0,0,1,0,1,1,1,1,1,0,1,1,1,0,1,1,1,1,1,1,0,1,0,0,1,1,1
39,1,1,1,1,0,1,1,1,1,1,1,1,1,0,1,1,0,1,1,1,1,1,0,0,1,1,1,1,1,0,1,1,1,1,1,1
40,1,0,1,,0,,1,1,,1,0,1,,0,0,0,0,1,1,1,1,1,1,,0,,1,1,1,,1,1,1,1,1,1
41,0,1,1,,0,0,1,1,1,0,0,1,1,1,1,1,0,1,1,0,1,1,0,1,0,1,1,1,1,0,0,0,1,1,1,1
42,1,1,1,0,0,,1,1,1,0,1,1,1,1,1,1,0,1,1,1,1,0,0,0,0,1,1,1,1,,1,1,1,0,1,1
43,1,1,1,0,0,1,0,0,1,0,0,0,1,0,1,0,1,1,1,1,1,1,1,0,0,0,1,1,1,1,1,0,1,1,1,1
44,0,1,1,0,1,0,0,0,0,0,1,1,0,0,1,1,1,1,1,1,1,1,0,0,0,0,1,1,1,1,1,0,0,0,1,1
45,1,0,1,0,0,0,1,1,0,0,0,0,0,0,0,0,0,0,0,0,1,0,0,0,0,0,0,0,1,0,1,1,1,1,0,1
46,1,1,1,0,0,1,1,1,1,1,1,0,0,0,1,1,0,1,0,1,1,1,0,0,0,0,1,1,1,0,1,0,0,1,1,1
47,0,1,0,0,0,0,0,0,1,1,0,1,1,1,1,0,0,0,1,0,0,1,0,0,1,1,1,1,1,0,1,1,1,1,1,1
48,1,1,1,1,0,1,1,0,1,0,0,0,1,0,1,1,1,1,1,1,1,1,0,0,0,1,1,1,1,1,1,0,1,1,1,1
49,0,1,1,0,0,0,1,0,0,1,0,0,0,1,1,1,1,1,0,0,1,1,1,0,0,0,1,1,1,0,1,0,1,1,1,1
50,0,0,0,0,1,1,0,0,0,1,0,1,1,1,1,0,0,0,0,0,0,1,0,0,1,1,1,1,1,0,1,1,1,1,1,1
51,1,1,1,1,0,0,1,0,1,1,0,0,1,1,1,1,1,0,1,1,1,1,0,0,0,0,1,1,1,0,1,1,1,1,1,0
52,1,1,1,,1,,,0,1,,0,1,0,0,1,1,1,1,0,1,0,1,,1,,,1,1,1,0,1,0,1,1,1,0
53,1,1,1,1,0,1,1,1,1,1,0,1,1,0,1,1,0,1,1,1,1,1,0,0,1,1,1,1,1,0,1,1,1,1,1,1
54,1,0,0,0,0,0,1,0,1,0,0,0,0,0,1,0,0,1,1,0,1,1,0,0,0,0,1,1,1,1,1,0,1,1,,
55,1,1,0,0,0,0,1,0,1,0,0,0,0,1,1,0,1,0,1,0,1,1,0,0,0,0,1,1,1,1,1,0,1,1,0,1
56,0,1,1,0,1,1,1,0,0,1,1,0,1,1,1,1,0,1,1,0,1,1,0,0,0,0,1,1,1,0,1,1,1,1,1,1
57,1,1,1,0,0,1,1,1,1,0,0,1,0,1,0,0,0,0,0,1,1,1,0,0,0,1,1,1,1,0,1,1,1,1,1,1
58,0,1,1,0,1,1,0,0,0,0,0,1,1,0,1,1,1,1,1,1,0,1,0,0,1,0,1,1,1,0,1,1,1,1,1,1
59,1,1,1,,0,0,1,1,0,0,0,1,1,0,1,1,0,1,0,1,1,1,1,0,0,1,1,1,1,0,1,0,1,1,1,1
60,1,1,1,1,1,0,1,1,1,1,0,1,1,0,1,1,0,1,0,1,1,0,0,1,0,0,1,1,1,1,1,1,1,1,1,1
61,1,1,1,0,1,1,1,1,1,0,0,0,1,0,1,1,0,1,1,1,1,1,0,1,0,1,1,1,1,1,1,1,1,1,1,1
62,1,1,1,,0,1,1,1,1,1,1,0,1,0,1,1,0,1,0,0,1,0,0,0,0,0,1,1,1,0,1,0,0,1,1,1
63,0,1,1,0,0,0,1,0,0,1,0,0,0,1,1,1,1,1,0,0,1,1,1,0,0,0,1,1,0,0,1,0,1,1,1,1
64,1,0,0,,,,1,1,1,0,,1,1,0,1,1,0,1,0,1,1,1,0,,,1,1,1,0,1,1,1,1,1,1,1
65,1,1,1,1,0,1,1,0,1,1,0,0,1,0,1,1,1,1,1,1,1,1,0,0,1,0,1,1,1,0,1,1,1,1,1,1
66,1,1,1,0,0,0,1,0,1,1,1,1,1,0,1,1,1,1,1,1,1,1,0,0,1,0,1,1,1,0,1,0,1,1,1,1
67,1,1,1,1,1,0,1,0,1,1,0,1,1,0,1,1,1,1,1,1,1,1,0,0,0,1,1,1,1,1,1,1,1,1,1,1
68,1,1,1,1,1,1,1,1,1,1,0,1,0,1,1,1,1,1,0,1,1,1,0,0,0,0,1,1,1,1,1,0,1,1,1,1
69,1,1,1,0,0,1,0,1,1,1,0,0,0,0,1,1,0,1,0,0,1,1,0,1,0,0,1,1,1,1,1,0,1,1,1,1
70,0,1,1,1,0,1,1,1,1,1,0,1,0,0,1,1,1,1,1,1,1,1,1,0,1,0,1,1,1,1,1,0,1,1,1,1
71,1,1,1,1,1,1,1,1,1,1,0,1,0,1,1,1,1,1,0,1,1,1,0,0,0,0,1,1,1,1,1,0,1,1,1,1
72,1,1,1,0,0,1,1,1,0,1,0,0,1,0,1,0,0,0,0,0,1,1,0,0,0,0,1,1,1,0,0,0,1,1,1,1
73,1,1,1,0,0,0,1,0,1,1,1,1,1,0,1,1,1,1,1,1,1,1,0,0,0,0,1,1,1,0,1,0,1,1,1,1
74,1,1,1,1,0,1,1,1,1,1,0,1,1,0,1,1,1,1,1,1,1,1,0,1,1,1,1,1,1,1,1,0,1,1,1,1
75,1,1,0,1,0,0,1,1,0,0,1,0,0,0,1,1,0,1,1,1,1,1,0,0,1,0,1,1,1,1,1,1,1,1,1,1
76,0,0,1,1,1,1,1,1,0,0,0,0,1,0,1,1,1,1,1,0,0,1,0,0,1,1,1,1,1,0,0,0,1,1,1,0
77,1,1,1,0,0,1,0,1,0,0,0,1,0,0,1,1,,1,0,0,1,1,0,0,0,0,1,1,1,1,1,0,1,1,1,1
78,1,1,1,1,1,1,1,0,1,0,0,1,1,0,1,1,0,1,1,0,0,0,0,0,0,1,1,1,1,0,1,0,1,1,1,1
79,1,1,1,1,,0,1,0,1,0,1,0,0,0,1,1,0,1,1,1,1,1,1,1,0,1,1,1,0,0,1,1,0,1,0,0
80,1,1,1,1,1,1,1,1,1,0,0,1,1,0,1,0,0,1,1,1,1,0,0,0,1,1,1,1,1,1,1,0,1,1,0,1
81,1,1,1,0,0,1,1,0,1,1,1,1,1,0,1,1,1,1,1,0,1,1,0,0,1,0,1,1,1,0,1,1,1,1,1,1
82,1,1,1,1,1,1,1,1,1,1,0,1,0,1,1,1,1,1,0,1,1,1,0,0,0,0,1,1,1,1,1,0,1,1,1,1
83,1,1,1,1,0,1,1,1,1,1,0,1,1,0,1,1,0,1,1,1,1,1,0,0,1,1,1,1,1,0,1,1,1,1,1,1
84,1,1,1,1,1,0,1,1,1,1,0,1,0,1,1,1,0,1,0,1,1,1,0,0,0,0,1,1,1,0,1,0,1,1,1,1
85,1,1,1,0,0,0,1,1,0,0,0,1,1,0,1,1,1,0,0,0,1,0,1,0,1,0,1,1,1,0,0,0,0,1,1,1
86,1,1,1,,,1,1,0,,0,0,0,0,0,0,0,0,0,1,1,1,1,0,0,1,1,1,1,1,1,1,0,1,1,1,1
87,0,0,1,1,1,1,1,1,0,0,0,0,1,0,1,1,1,1,1,0,0,1,0,0,1,1,1,1,1,0,0,0,1,1,1,0
88,1,0,1,0,0,0,1,1,1,0,0,1,0,0,1,0,0,1,0,0,0,0,0,0,0,0,1,1,1,1,0,0,1,1,1,0
89,1,1,1,1,1,0,1,1,1,1,0,1,0,1,1,1,1,1,0,1,1,1,0,1,0,0,1,1,1,0,1,0,1,1,1,1
90,0,1,1,0,0,1,0,1,1,0,0,1,0,0,1,0,1,1,1,1,0,1,0,0,0,0,1,1,1,1,0,0,1,1,1,1
91,1,1,0,0,0,1,0,0,0,0,0,0,1,0,0,0,0,0,0,0,0,0,1,0,0,0,1,1,1,0,1,0,1,1,1,1
92,1,1,0,0,0,0,1,1,0,0,0,0,1,0,1,1,1,1,1,1,1,0,0,0,1,0,1,1,1,1,1,0,1,1,0,1
93,1,1,0,0,1,0,0,1,0,1,1,0,0,0,0,1,0,0,0,0,0,0,0,0,1,0,0,0,0,0,0,1,0,0,1,1
94,1,1,1,1,1,1,1,1,1,1,0,1,0,1,1,1,1,1,0,1,1,1,0,0,0,0,1,1,1,1,1,0,1,1,1,1
95,0,1,1,0,0,1,0,1,0,0,0,0,0,1,1,1,0,0,0,1,0,1,0,0,0,0,1,1,1,0,1,0,1,1,1,1
96,1,1,1,0,1,0,1,1,0,0,0,0,0,0,1,1,0,1,1,1,0,0,0,0,0,0,1,1,1,0,1,1,1,0,1,1
97,1,1,1,0,,1,1,0,0,0,0,,,0,1,1,0,1,1,0,1,0,0,0,1,0,1,1,0,0,0,0,0,1,0,1
98,1,1,1,1,1,1,1,0,1,1,1,0,1,0,1,1,0,1,1,0,0,0,0,0,1,1,1,1,1,0,0,0,1,1,1,1
99,1,1,1,0,1,0,1,1,1,1,1,0,1,0,1,1,0,1,1,1,1,1,1,,0,1,1,1,1,0,1,0,1,1,1,1
100,1,1,1,0,1,1,1,1,1,0,0,0,1,0,1,1,0,1,1,1,1,1,0,1,0,1,1,1,1,1,1,1,1,1,1,1
101,1,1,1,1,0,1,1,0,1,1,0,1,1,0,1,1,0,1,1,1,1,1,1,0,0,0,1,1,1,1,1,0,1,1,1,1
102,1,1,1,1,1,0,1,1,0,1,0,1,1,0,1,1,1,1,1,1,1,1,1,1,0,0,1,1,1,1,1,0,1,1,1,1
103,1,1,1,1,1,1,1,0,1,1,0,0,1,0,0,1,0,0,0,0,0,1,0,0,0,0,0,1,0,0,0,1,0,0,0,0
104,0,1,0,0,0,0,0,0,0,1,0,0,0,1,1,0,0,0,0,0,0,1,0,0,1,1,1,1,1,0,1,1,1,1,1,1
105,1,1,1,1,1,1,1,1,1,1,0,1,1,1,1,1,0,1,1,1,1,1,0,0,0,0,1,1,1,1,1,1,1,1,1,1
106,0,0,1,0,0,0,1,1,0,0,0,1,1,0,1,0,1,1,0,0,0,0,0,0,0,0,1,1,1,1,0,0,1,1,1,0
107,1,1,1,1,0,0,1,1,0,1,1,1,1,0,1,1,0,0,1,1,0,1,0,0,0,0,1,1,1,1,1,0,1,1,0,1
108,0,0,1,1,1,1,1,1,0,0,0,0,1,0,1,1,1,1,1,0,0,1,0,0,1,1,1,1,1,0,0,0,1,1,1,0
109,0,1,1,1,1,0,0,1,0,0,0,1,1,0,1,1,0,1,0,1,1,0,0,0,1,1,0,1,1,0,0,0,1,1,1,1
110,1,0,1,0,0,0,1,1,1,0,0,1,1,0,1,1,0,0,1,1,1,1,1,0,0,1,1,1,1,1,0,0,0,1,0,0
111,1,1,1,1,1,1,1,1,1,1,0,1,0,1,1,1,1,1,1,1,1,1,0,0,0,0,1,1,0,,1,,,0,0,0
112,1,1,1,1,1,1,1,1,1,0,0,1,1,0,1,0,0,1,1,1,0,1,0,0,0,0,1,1,1,1,1,0,1,1,0,1
113,0,0,0,0,0,1,1,1,0,0,0,1,1,0,1,1,0,1,1,1,1,1,0,1,1,1,1,1,1,0,1,1,1,1,1,1
114,1,1,1,1,0,0,1,1,0,1,1,1,1,0,1,1,0,0,1,1,0,1,0,0,0,0,1,1,1,1,1,0,1,1,0,1
115,0,1,1,0,1,1,1,1,1,0,0,1,1,0,1,1,1,1,0,1,1,1,0,0,1,1,1,1,1,1,1,1,0,1,1,1
116,1,1,1,1,1,0,1,0,1,0,1,1,1,1,1,1,1,1,1,1,1,1,1,0,1,0,1,1,1,1,1,1,1,1,1,1
117,0,1,1,1,1,0,1,0,1,0,0,0,1,0,1,1,1,1,1,0,1,0,0,0,0,1,1,1,1,0,1,0,1,1,1,1
118,0,1,1,0,0,1,0,1,0,0,0,1,1,0,1,1,0,1,1,0,0,1,0,1,1,0,1,1,1,0,1,1,1,1,1,1
119,1,0,1,0,1,0,1,0,1,0,0,0,1,0,1,0,0,0,0,0,1,0,0,0,1,1,1,0,1,1,0,1,0,1,1,1
120,1,1,1,0,0,1,1,1,0,1,0,0,1,0,1,1,0,1,1,1,1,0,0,1,0,1,1,1,1,0,1,0,1,1,1,1
121,0,1,1,0,1,0,0,1,0,1,0,0,1,0,0,1,0,0,0,0,1,0,1,0,0,0,1,1,1,0,0,0,1,1,1,0
122,1,1,1,0,1,0,1,0,1,1,0,1,0,0,1,1,0,1,0,1,1,1,1,1,0,0,1,1,1,1,1,0,1,1,1,1
123,1,0,1,0,0,1,1,0,1,1,1,1,1,0,1,1,0,0,1,1,1,1,1,0,0,0,1,1,1,1,0,0,1,1,0,0
124,1,1,1,1,1,1,1,0,1,1,0,1,1,1,1,1,1,1,1,1,1,1,0,0,0,0,1,1,1,1,1,0,1,1,1,1
125,1,1,1,0,0,1,1,0,1,0,1,1,1,0,1,1,0,0,0,1,1,0,0,0,0,0,1,1,1,0,1,0,1,1,1,1
126,1,1,1,0,0,0,1,1,0,0,1,1,1,0,1,1,1,1,1,0,0,0,0,0,1,1,1,1,1,0,1,1,1,1,1,1
127,1,1,1,1,1,0,1,1,1,1,0,1,1,1,1,1,1,1,1,1,1,1,0,1,0,0,1,1,1,1,1,1,1,1,1,1
128,1,0,0,0,0,1,1,0,0,0,0,0,0,0,1,1,0,1,0,1,1,0,0,1,0,1,0,1,1,0,0,0,1,1,1,1
129,0,1,1,0,0,0,1,0,0,1,0,0,0,1,1,1,1,1,0,0,1,1,1,0,0,0,1,1,0,0,1,0,1,1,1,1
130,1,1,1,0,0,1,1,1,0,1,0,0,0,0,1,1,1,1,1,1,1,1,0,0,0,0,1,1,1,0,1,0,1,1,0,1
131,1,1,1,0,0,1,1,1,1,0,0,0,1,0,1,1,1,1,1,0,1,1,1,0,0,,0,1,0,0,1,0,0,1,1,1
132,1,1,1,0,0,1,1,0,1,0,1,1,1,0,1,1,0,0,0,1,1,0,0,0,0,0,1,1,1,0,1,0,1,1,1,1
133,0,1,1,0,0,1,1,1,0,0,0,1,0,0,1,0,0,0,1,0,1,1,0,0,1,0,1,1,1,0,0,0,1,1,1,1
134,1,1,1,1,0,1,0,0,1,1,1,1,1,1,1,0,1,1,1,1,1,1,1,1,1,1,1,1,1,0,0,0,1,1,1,1
135,1,1,1,0,1,1,1,1,1,1,0,0,1,0,1,1,0,1,1,1,1,1,0,0,0,1,1,1,1,1,1,1,1,1,1,1
136,0,1,1,1,0,1,1,0,1,0,0,1,0,0,1,1,0,1,0,0,1,1,0,1,0,0,1,1,1,1,1,0,1,1,1,1
137,1,1,1,0,0,0,1,0,0,1,0,0,1,0,1,1,0,0,1,1,1,0,0,0,0,0,1,1,1,0,1,0,1,1,1,1
138,0,1,0,1,1,1,0,0,0,1,1,0,0,0,1,1,0,1,1,1,0,1,0,0,0,1,1,1,1,0,0,0,1,1,0,1
139,1,1,1,1,0,1,1,1,1,1,0,1,0,0,1,1,0,1,1,1,1,1,1,0,0,0,1,1,1,0,1,0,1,1,1,1
140,1,1,1,0,0,0,1,0,1,1,1,1,1,0,1,1,1,1,1,1,1,1,0,0,0,0,1,1,1,0,1,0,1,1,1,1
141,1,1,1,1,0,1,0,0,1,0,0,1,1,1,0,1,0,1,0,0,1,0,0,1,0,0,1,1,1,0,0,1,0,1,1,0
142,1,1,1,1,0,1,1,0,0,1,1,1,0,0,1,1,1,1,1,1,1,1,0,0,0,1,1,1,1,0,1,1,1,1,1,1
143,1,1,1,0,1,0,1,1,0,0,0,1,0,0,1,1,1,0,0,0,1,0,0,0,0,0,1,1,1,0,0,0,0,1,1,1
144,1,1,1,0,1,1,0,0,0,0,1,0,0,0,0,0,0,0,0,1,0,0,0,0,0,0,1,0,1,0,1,0,1,1,1,1
145,1,1,1,1,1,1,1,1,1,1,0,1,0,1,1,1,1,1,0,1,1,1,0,0,0,0,1,1,1,1,1,0,1,1,1,1
146,1,1,1,0,0,0,1,0,1,0,1,0,0,0,1,1,0,1,0,0,1,0,0,1,0,0,1,1,1,0,0,0,0,1,0,0
147,0,1,1,0,1,1,0,1,1,0,0,1,0,0,1,1,1,1,0,1,1,1,0,1,0,0,1,1,1,0,0,0,1,0,1,1
148,1,1,1,0,1,1,1,1,1,0,0,0,1,0,1,1,0,1,1,1,1,1,0,0,0,1,1,1,1,1,1,0,1,1,1,1
149,1,1,1,0,1,1,1,1,1,0,0,0,1,0,1,0,0,0,1,1,1,0,0,1,0,0,1,1,1,0,1,0,1,1,1,0
150,1,1,1,0,0,1,0,1,0,0,1,1,0,0,1,1,0,1,0,1,1,0,0,0,0,0,1,1,1,0,1,0,1,1,1,0
151,1,1,1,0,0,0,1,0,0,1,1,0,0,0,1,1,0,1,1,1,1,1,1,0,0,0,1,1,1,0,1,1,1,1,1,1
152,1,1,1,1,0,1,1,1,0,0,0,0,1,0,1,0,,1,1,1,1,1,0,1,0,0,1,1,1,0,0,1,1,1,1,1
153,0,1,1,0,0,0,1,0,1,0,1,1,1,0,1,1,1,1,1,1,1,1,0,0,0,1,1,1,1,0,1,1,1,1,1,1
154,0,1,1,0,0,0,1,1,0,1,0,0,1,0,1,1,0,1,1,1,1,1,0,1,0,0,1,1,0,1,0,0,1,1,1,1
155,0,1,1,0,0,0,1,1,,1,0,0,0,0,1,0,1,0,0,0,1,0,0,1,0,0,1,1,1,0,1,0,1,1,1,1
156,1,1,1,0,0,0,1,1,1,0,0,1,0,0,1,1,1,1,1,1,1,0,0,1,1,0,1,1,1,0,1,0,1,1,1,1
157,1,0,1,1,1,0,1,1,0,0,0,1,1,0,1,0,0,1,0,0,1,1,0,0,0,0,1,0,1,0,0,1,0,0,0,0
158,1,1,1,1,1,1,1,0,1,1,0,1,1,0,1,1,1,1,1,1,1,1,0,0,0,0,1,1,1,1,1,0,1,1,1,1
159,1,1,1,0,1,1,1,0,1,1,0,1,0,0,1,1,0,1,1,1,1,1,0,0,0,1,1,1,1,1,1,1,1,1,1,1
160,0,1,1,0,1,1,1,1,0,0,0,0,0,0,1,0,0,0,1,1,0,1,1,0,1,1,1,1,1,0,0,1,1,1,1,1
161,1,1,1,1,1,1,1,1,1,1,0,1,0,1,1,1,1,1,0,1,1,1,0,0,0,0,1,1,1,1,1,0,1,1,1,1
162,0,1,1,0,0,0,0,0,1,1,0,0,0,1,1,1,0,0,0,0,0,1,0,0,1,1,1,1,1,0,1,1,1,1,1,1
163,1,1,1,1,0,1,1,0,1,0,1,1,1,0,1,0,0,0,1,1,1,1,0,0,0,1,1,1,1,1,1,1,1,1,1,1
164,1,1,1,1,0,1,1,1,1,1,0,1,1,0,1,1,0,1,1,1,1,1,0,0,1,1,1,1,1,0,1,1,1,1,1,1
165,1,1,1,0,1,1,1,1,1,1,0,1,1,0,1,1,1,1,1,1,1,1,0,0,1,1,1,1,1,0,1,1,1,1,1,1
166,1,1,1,1,1,1,1,1,1,1,0,1,0,1,1,1,1,1,0,1,1,1,0,0,0,0,1,1,1,1,1,0,1,1,1,1
167,1,1,1,0,1,0,1,0,0,0,1,0,0,0,1,0,1,0,0,0,1,1,0,1,0,0,1,0,1,0,1,0,1,1,1,1
168,0,1,1,0,0,0,1,0,0,1,0,1,1,1,1,0,0,0,1,0,0,1,0,0,1,1,1,1,1,0,1,1,1,1,1,1
169,0,1,1,1,0,0,1,0,0,1,0,1,0,1,0,0,0,0,1,0,0,1,0,0,1,1,1,1,1,0,1,1,1,1,1,1
170,0,1,1,0,1,0,1,0,0,0,0,1,0,0,1,1,1,0,1,0,1,1,0,0,0,1,1,1,1,0,1,0,0,1,1,1
171,0,1,1,,1,1,0,0,0,1,0,0,1,0,1,0,0,1,1,1,1,1,0,1,1,0,1,1,1,0,1,1,1,1,1,1
172,0,1,1,0,0,0,1,1,0,1,0,0,1,0,1,1,0,1,0,1,0,0,0,0,0,0,1,1,1,0,1,0,0,1,1,1
173,1,1,1,1,0,0,1,0,1,0,1,1,1,1,1,1,1,1,1,1,1,1,0,1,0,0,1,1,1,1,1,1,1,1,1,1
174,1,1,1,0,0,0,1,0,0,0,0,1,1,0,1,1,0,1,1,1,1,1,0,0,1,0,1,1,1,0,1,0,1,1,1,1
175,1,1,1,1,0,0,1,0,1,1,1,1,1,1,1,1,,1,0,1,1,0,0,0,0,0,1,1,1,0,1,1,1,1,1,1
176,1,0,1,1,0,0,0,1,0,0,0,1,0,0,1,0,1,1,0,0,0,0,0,0,0,0,1,1,1,1,0,0,1,1,1,0
177,0,0,1,0,0,0,1,1,0,0,0,0,1,0,0,1,0,0,0,0,0,0,0,0,0,0,1,1,1,1,0,0,0,1,1,1
178,0,0,0,0,1,1,0,0,0,1,0,1,1,1,1,0,0,0,0,0,0,0,0,0,1,1,1,1,1,0,1,1,1,1,1,1
179,,1,1,,1,1,1,0,1,0,0,0,1,0,1,1,0,0,1,1,0,1,,,,,1,1,1,0,0,0,1,1,1,1
180,1,1,1,0,0,1,0,1,1,1,0,0,0,0,1,1,0,1,0,0,1,1,0,0,0,0,1,1,1,1,1,0,1,1,1,1
181,0,1,1,0,0,0,1,1,1,0,0,1,1,0,1,1,0,1,0,0,0,0,0,0,0,0,1,1,1,1,0,0,1,1,1,0
182,1,1,1,1,,1,1,,,1,,0,1,1,1,1,1,1,1,0,0,0,0,0,1,0,0,1,0,1,1,1,1,1,1,0
183,1,1,1,1,0,1,1,1,1,1,0,1,1,0,1,1,0,1,1,1,1,1,0,0,1,1,1,1,1,0,1,1,1,1,1,1
184,1,1,1,1,1,1,1,0,1,1,0,1,0,0,1,1,1,1,1,1,1,1,0,0,0,0,1,1,1,1,1,0,1,1,1,1
185,1,1,1,0,0,1,1,1,1,1,0,0,0,0,0,1,0,0,0,0,1,1,0,1,0,0,1,1,1,0,0,1,0,1,1,1
186,0,1,1,0,0,0,1,0,1,0,0,1,1,0,1,1,0,1,1,0,1,0,0,0,1,0,1,1,1,1,0,0,0,1,0,1
187,1,1,1,1,1,1,1,1,1,1,0,1,0,1,1,1,1,1,0,1,1,1,0,0,0,0,1,1,1,1,1,0,1,1,1,1
188,0,1,1,0,0,1,0,0,0,0,1,1,1,0,1,1,0,1,1,1,1,1,0,0,1,0,1,1,1,1,1,1,1,1,1,1
189,1,1,1,0,1,0,1,0,1,0,0,0,0,0,1,1,0,1,1,0,1,1,0,1,1,1,1,1,1,,1,0,1,1,0,1
190,1,1,1,0,0,0,1,0,1,0,0,1,1,0,1,1,0,1,1,1,1,0,0,0,0,0,1,1,1,1,0,0,1,1,1,1
191,1,1,1,1,0,1,1,1,0,0,0,0,1,0,1,0,0,1,1,1,1,1,0,1,0,0,1,1,1,0,0,1,1,1,1,1
192,1,1,1,1,1,1,1,1,1,1,1,0,1,0,1,1,1,0,1,1,1,1,1,0,0,1,1,1,1,0,1,1,1,1,1,1
193,1,1,1,0,0,0,1,0,0,0,0,1,1,0,1,1,0,1,0,0,1,1,0,1,0,0,1,1,1,0,0,0,1,1,1,1
194,0,1,1,0,0,1,1,0,1,1,0,1,1,1,1,1,0,1,1,0,1,1,0,1,0,0,1,1,1,1,0,0,1,1,0,1
195,1,1,1,1,1,1,1,1,1,1,0,1,0,1,1,1,1,1,0,1,1,1,0,0,0,0,1,1,1,1,1,0,0,1,1,1
196,1,1,1,0,0,0,1,0,1,0,0,0,1,0,1,1,0,1,0,0,1,0,0,1,0,0,1,1,1,0,0,0,1,1,1,1
197,1,1,1,1,0,1,1,1,1,1,0,1,1,0,1,1,0,1,1,1,1,1,0,0,1,1,1,1,1,0,1,1,1,1,1,1
198,1,1,1,0,0,0,1,0,1,1,1,1,1,1,1,1,0,1,0,1,1,0,0,0,0,,1,1,1,0,1,1,1,1,1,1
199,0,1,1,0,0,0,1,1,1,0,0,0,0,0,1,1,0,1,0,1,1,1,1,0,0,1,1,1,1,1,0,0,1,1,,0
200,1,1,1,0,1,1,1,0,0,1,0,1,1,0,1,0,0,1,1,1,0,0,0,0,1,0,1,1,1,1,1,0,1,1,1,1
201,1,1,1,0,0,1,1,0,1,0,0,0,0,0,1,1,0,1,0,1,1,1,1,1,1,0,1,1,1,0,0,0,0,1,0,1
202,0,1,1,0,1,1,,1,1,0,0,1,0,0,0,1,0,0,0,0,0,0,0,0,0,0,0,1,1,0,1,0,1,1,1,0
203,1,1,1,1,0,0,1,1,1,1,0,0,1,0,1,1,1,0,1,1,1,1,0,0,0,0,1,1,1,0,1,1,1,1,1,0
204,1,1,1,1,0,0,0,1,1,0,1,1,0,0,1,1,0,1,1,1,1,1,0,0,0,1,1,1,1,1,1,1,1,1,1,1
205,0,1,1,0,1,1,1,1,1,0,0,0,0,0,1,1,0,1,1,1,0,0,0,0,1,0,1,1,1,0,1,1,1,1,1,1
206,1,1,1,1,0,0,1,1,0,0,0,1,1,1,1,1,0,1,1,1,1,0,1,1,0,0,1,1,1,1,1,1,1,1,1,1
207,1,1,1,0,1,,1,1,0,0,1,1,,0,1,1,1,1,0,1,1,1,1,0,0,,1,1,1,0,0,0,0,1,0,0
208,1,1,0,0,1,,1,0,1,0,0,,1,0,1,1,0,1,0,1,1,0,0,,0,0,0,1,1,,1,0,0,,,
209,1,1,1,1,1,1,1,1,1,1,0,1,0,1,1,1,1,1,0,1,1,1,0,0,0,0,1,1,1,1,1,0,1,1,1,1
210,0,1,1,0,0,0,1,1,0,1,0,1,0,0,1,1,0,1,0,0,,1,0,0,1,,1,1,1,0,1,0,1,1,1,1
211,1,1,0,1,0,0,1,1,0,0,1,1,0,0,1,1,0,0,1,1,1,0,0,0,1,0,1,1,1,1,1,0,1,1,0,1
212,1,1,1,0,0,0,1,0,1,0,0,0,0,0,0,1,0,0,0,0,1,0,0,0,0,0,1,1,1,0,0,0,0,1,1,1
213,1,1,1,0,0,0,1,1,1,0,0,0,1,0,0,0,0,1,0,0,0,0,1,0,1,0,1,1,1,0,1,0,1,1,0,0
214,1,1,1,0,1,1,1,1,1,0,1,0,1,1,1,1,0,1,1,1,1,1,0,0,0,0,1,1,1,0,1,0,1,1,1,1
215,0,1,1,0,0,0,0,0,,0,1,1,1,0,1,1,0,1,1,0,1,1,0,0,1,1,1,1,1,0,1,0,1,1,1,1
216,1,1,1,0,1,,1,1,0,1,1,0,0,0,1,1,0,1,1,1,1,1,1,0,0,,1,1,1,0,1,1,1,1,1,1
217,1,1,1,0,1,1,1,1,0,0,0,0,0,0,1,1,0,0,0,0,1,0,0,0,0,0,1,1,1,,,0,1,1,1,1
218,1,1,1,0,1,1,1,0,0,1,0,1,0,0,1,1,0,1,1,0,1,1,0,0,0,0,1,1,1,0,1,0,1,1,0,1
219,0,0,0,0,0,0,0,0,0,0,1,0,0,0,1,1,0,1,0,1,0,1,0,0,0,0,1,1,1,0,1,0,1,1,1,1
220,1,0,0,0,0,1,1,0,0,1,0,0,1,0,1,1,1,1,0,1,1,1,1,1,0,0,1,1,1,1,1,1,1,1,1,1